{
  "create": {
    "database": {
      "name": "EmergencyRespond_Dashboard_Model",
      "compatibilityLevel": 1500,
      "model": {
        "culture": "en-IN",
        "dataSources": [
          {
            "type": "structured",
            "name": "SQL/192 168 110 58;trinityDatawarehouse",
            "connectionDetails": {
              "protocol": "tds",
              "address": {
                "server": "localhost",
                "database": "trinityDatawarehouse"
              },
              "authentication": null,
              "query": null
            },
            "credential": {
              "AuthenticationKind": "UsernamePassword",
              "kind": "SQL",
              "path": "localhost;trinityDatawarehouse",
              "Username": "sa",
			  "Password":"track@123",
              "EncryptConnection": false
            }
          }
        ],
        "tables": [
          {
            "name": "emergency CallTypes",
            "columns": [
              {
                "name": "Id",
                "dataType": "string",
                "sourceColumn": "Id"
              },
              {
                "name": "callerTime",
                "dataType": "dateTime",
                "sourceColumn": "callerTime"
              },
              {
                "name": "eventId",
                "dataType": "string",
                "sourceColumn": "eventId"
              },
              {
                "name": "calltakerUsername",
                "dataType": "string",
                "sourceColumn": "calltakerUsername"
              },
              {
                "name": "origWsId",
                "dataType": "int64",
                "sourceColumn": "origWsId"
              },
              {
                "name": "missionStatus",
                "dataType": "int64",
                "sourceColumn": "missionStatus"
              },
              {
                "name": "callType",
                "dataType": "int64",
                "sourceColumn": "callType"
              },
              {
                "name": "createdDate",
                "dataType": "dateTime",
                "sourceColumn": "createdDate"
              },
              {
                "name": "createdUser",
                "dataType": "string",
                "sourceColumn": "createdUser"
              },
              {
                "name": "mainStatusId",
                "dataType": "int64",
                "sourceColumn": "mainStatusId"
              },
              {
                "name": "targetUser",
                "dataType": "string",
                "sourceColumn": "targetUser"
              },
              {
                "name": "sourceType",
                "dataType": "int64",
                "sourceColumn": "sourceType"
              },
              {
                "name": "missionStatusCode",
                "dataType": "string",
                "sourceColumn": "missionStatusCode"
              },
              {
                "name": "isHotEvent",
                "dataType": "int64",
                "sourceColumn": "isHotEvent"
              },
              {
                "name": "companyCode",
                "dataType": "string",
                "sourceColumn": "companyCode"
              },
              {
                "name": "loginName",
                "dataType": "string",
                "sourceColumn": "loginName"
              },
              {
                "name": "loginStatus",
                "dataType": "string",
                "sourceColumn": "loginStatus"
              },
              {
                "name": "userRolesDescription",
                "dataType": "string",
                "sourceColumn": "userRolesDescription"
              },
              {
                "name": "userTypeId",
                "dataType": "int64",
                "sourceColumn": "userTypeId"
              },
              {
                "name": "userTypeCode",
                "dataType": "string",
                "sourceColumn": "userTypeCode"
              },
              {
                "name": "overDueCall",
                "dataType": "string",
                "sourceColumn": "overDueCall"
              },
              {
                "name": "callTakerOverdueTime",
                "dataType": "string",
                "sourceColumn": "callTakerOverdueTime"
              },
              {
                "name": "dispatcherEndTime",
                "dataType": "dateTime",
                "sourceColumn": "dispatcherEndTime"
              },
              {
                "name": "logCallerStartTime",
                "dataType": "dateTime",
                "sourceColumn": "logCallerStartTime"
              },
              {
                "name": "logCallerEndTime",
                "dataType": "dateTime",
                "sourceColumn": "logCallerEndTime"
              },
              {
                "name": "actionStartTime",
                "dataType": "dateTime",
                "sourceColumn": "actionStartTime"
              },
              {
                "name": "dispatcherUserName",
                "dataType": "string",
                "sourceColumn": "dispatcherUserName"
              },
              {
                "name": "dispatcherStartTime",
                "dataType": "dateTime",
                "sourceColumn": "dispatcherStartTime"
              },
              {
                "name": "dispatcherEventId",
                "dataType": "string",
                "sourceColumn": "dispatcherEventId"
              },
              {
                "name": "callAnswerTime",
                "dataType": "dateTime",
                "sourceColumn": "callAnswerTime"
              },
              {
                "name": "callDisconnectedTime",
                "dataType": "dateTime",
                "sourceColumn": "callDisconnectedTime"
              },
              {
                "name": "callDuration",
                "dataType": "int64",
                "sourceColumn": "callDuration"
              },
              {
                "name": "callerName",
                "dataType": "string",
                "sourceColumn": "callerName"
              },
              {
                "name": "callerNumber",
                "dataType": "string",
                "sourceColumn": "callerNumber"
              },
              {
                "name": "vehicleId",
                "dataType": "string",
                "sourceColumn": "vehicleId"
              },
              {
                "name": "mainEventTypeName",
                "dataType": "string",
                "sourceColumn": "mainEventTypeName"
              },
              {
                "name": "subEventTypeName",
                "dataType": "string",
                "sourceColumn": "subEventTypeName"
              },
              {
                "name": "cityName",
                "dataType": "string",
                "sourceColumn": "cityName"
              },
              {
                "name": "stationName",
                "dataType": "string",
                "sourceColumn": "stationName"
              },
              {
                "name": "callRecordingPath",
                "dataType": "string",
                "sourceColumn": "callRecordingPath"
              },
              {
                "name": "responseTimeMDT",
                "dataType": "int64",
                "sourceColumn": "responseTimeMDT"
              },
              {
                "name": "overallResponseTime",
                "dataType": "int64",
                "sourceColumn": "overallResponseTime"
              },
              {
                "name": "callerCreatedDate",
                "dataType": "dateTime",
                "sourceColumn": "callerCreatedDate"
              },
              {
                "name": "sosEventId",
                "dataType": "string",
                "sourceColumn": "sosEventId"
              },
              {
                "name": "registeredUser",
                "dataType": "string",
                "sourceColumn": "registeredUser"
              },
              {
                "name": "contactNumber",
                "dataType": "string",
                "sourceColumn": "contactNumber"
              },
              {
                "name": "age",
                "dataType": "int64",
                "sourceColumn": "age"
              },
              {
                "name": "emergencyContact",
                "dataType": "string",
                "sourceColumn": "emergencyContact"
              },
              {
                "name": "genderName",
                "dataType": "string",
                "sourceColumn": "genderName"
              },
              {
                "name": "arrivedTime",
                "dataType": "dateTime",
                "sourceColumn": "arrivedTime"
              },
              {
                "name": "mdtReceivedTime",
                "dataType": "dateTime",
                "sourceColumn": "mdtReceivedTime"
              },
              {
                "name": "coResponseTime",
                "dataType": "int64",
                "sourceColumn": "coResponseTime"
              },
              {
                "name": "doResponseTime",
                "dataType": "int64",
                "sourceColumn": "doResponseTime"
              },
              {
                "name": "eventSourceCode",
                "dataType": "string",
                "sourceColumn": "eventSourceCode"
              },
              {
                "type": "calculated",
                "name": "Short Date",
                "dataType": "dateTime",
                "isDataTypeInferred": true,
                "expression": "DATEVALUE('emergency CallTypes'[callerTime])",
                "formatString": "Short Date",
                "annotations": [
                  {
                    "name": "Format",
                    "value": "<Format Format=\"DateTimeShortDatePattern\" />"
                  }
                ]
              },
              {
                "type": "calculated",
                "name": "typeName",
                "dataType": "string",
                "isDataTypeInferred": true,
                "expression": [
                  " IF(INT(RAND() * 3) = 0, \"Call Taker\",",
                  "             IF(INT(RAND() * 3) = 1, \"Dispatcher\", \"MDT\"))"
                ]
              },
              {
                "name": "eventSourceName",
                "dataType": "string",
                "sourceColumn": "eventSourceName"
              },
              {
                "name": "priorityId",
                "dataType": "int64",
                "sourceColumn": "priorityId"
              },
              {
                "name": "priorityName",
                "dataType": "string",
                "sourceColumn": "priorityName"
              },
              {
                "type": "calculated",
                "name": "Hour",
                "dataType": "string",
                "isDataTypeInferred": true,
                "expression": "format('emergency CallTypes'[callerTime],\"hh\")"
              },
              {
                "type": "calculated",
                "name": "Calculated Column 1",
                "dataType": "string",
                "isDataTypeInferred": true,
                "expression": "FORMAT('emergency CallTypes'[callerTime],\"ddd\")"
              },
              {
                "name": "averageMDTtime",
                "dataType": "string",
                "sourceColumn": "averageMDTtime"
              },
              {
                "name": "averageDispatcherTime",
                "dataType": "string",
                "sourceColumn": "averageDispatcherTime"
              },
              {
                "name": "averageCallTakertime",
                "dataType": "string",
                "sourceColumn": "averageCallTakertime"
              },
              {
                "name": "Custom Hour",
                "dataType": "string",
                "sourceColumn": "Custom Hour"
              },
              {
                "name": "callerLattitude",
                "dataType": "double",
                "sourceColumn": "callerLattitude"
              },
              {
                "name": "callerLongitude",
                "dataType": "double",
                "sourceColumn": "callerLongitude"
              },
              {
                "name": "callerAddress",
                "dataType": "string",
                "sourceColumn": "callerAddress"
              },
              {
                "name": "callTypeCode",
                "dataType": "string",
                "sourceColumn": "callTypeCode"
              },
              {
                "name": "agencyName",
                "dataType": "string",
                "sourceColumn": "agencyName"
              },
              {
                "name": "distressLatitude",
                "dataType": "double",
                "sourceColumn": "distressLatitude"
              },
              {
                "name": "distressLongitude",
                "dataType": "double",
                "sourceColumn": "distressLongitude"
              },
              {
                "name": "requestDate",
                "dataType": "dateTime",
                "sourceColumn": "requestDate"
              },
              {
                "name": "policeNarrative",
                "dataType": "string",
                "sourceColumn": "policeNarrative"
              },
              {
                "name": "distressName",
                "dataType": "string",
                "sourceColumn": "distressName"
              },
              {
                "name": "distressAddress",
                "dataType": "string",
                "sourceColumn": "distressAddress"
              },
              {
                "name": "acknowledgeTime",
                "dataType": "dateTime",
                "sourceColumn": "acknowledgeTime"
              }
            ],
            "partitions": [
              {
                "name": "Partition",
                "dataView": "full",
                "source": {
                  "type": "m",
                  "expression": [
                    "let",
                    "    Source = #\"SQL/192 168 110 58;trinityDatawarehouse\",",
                    "    emergency_CallTypes = Source{[Schema=\"emergency\",Item=\"callTypes\"]}[Data],",
                    "    #\"Added Custom\" = Table.AddColumn(emergency_CallTypes, \"averageMDTtime\", each Duration.From([arrivedTime] - [mdtReceivedTime]) / 3600),",
                    "    #\"Added Custom1\" = Table.AddColumn(#\"Added Custom\", \"averageDispatcherTime\", each Duration.From([dispatcherEndTime] - [dispatcherStartTime]) / 3600),",
                    "    #\"Added Custom2\" = Table.AddColumn(#\"Added Custom1\", \"averageCallTakertime\", each Duration.From([logCallerEndTime] - [logCallerStartTime]) / 3600),",
                    "    #\"Added Custom3\" = Table.AddColumn(#\"Added Custom2\", \"Custom\", each if Time.Hour([callerTime]) >0 and Time.Hour([callerTime]) <=6 then \"12am-6am\" ",
                    "else",
                    "if Time.Hour([callerTime]) >6 and Time.Hour([callerTime]) <=12 then \"6am-12pm\"  ",
                    "else",
                    "if Time.Hour([callerTime]) >12 and Time.Hour([callerTime]) <=18 then \"12pm-6pm\"",
                    "else",
                    "\"6pm - 12am\"),",
                    "    #\"Renamed Columns\" = Table.RenameColumns(#\"Added Custom3\",{{\"Custom\", \"Custom Hour\"}}),",
                    "    #\"Filtered Rows\" = Table.SelectRows(#\"Renamed Columns\", each true)",
                    "in",
                    "    #\"Filtered Rows\""
                  ]
                }
              }
            ]
          },
          {
            "name": "mobility vehicleTrackDetails",
            "columns": [
              {
                "name": "loginStatus",
                "dataType": "string",
                "sourceColumn": "loginStatus"
              },
              {
                "name": "patrolAreaName",
                "dataType": "string",
                "sourceColumn": "patrolAreaName"
              },
              {
                "name": "PatrolType",
                "dataType": "string",
                "sourceColumn": "patrolType"
              },
              {
                "name": "statusId",
                "dataType": "int64",
                "sourceColumn": "statusId"
              },
              {
                "name": "id",
                "dataType": "string",
                "sourceColumn": "id"
              },
              {
                "name": "vehicleId",
                "dataType": "string",
                "sourceColumn": "vehicleId"
              },
              {
                "name": "vehicleCallSign",
                "dataType": "string",
                "sourceColumn": "vehicleCallSign"
              },
              {
                "name": "LastUpdatedTime",
                "dataType": "dateTime",
                "sourceColumn": "LastUpdatedTime"
              },
              {
                "name": "districtCity",
                "dataType": "string",
                "sourceColumn": "districtCity"
              },
              {
                "name": "policeStation",
                "dataType": "string",
                "sourceColumn": "policeStation"
              },
              {
                "name": "gpsIMEI",
                "dataType": "string",
                "sourceColumn": "gpsIMEI"
              },
              {
                "name": "gpsMobileNumber",
                "dataType": "string",
                "sourceColumn": "gpsMobileNumber"
              },
              {
                "name": "vehicleType",
                "dataType": "string",
                "sourceColumn": "vehicleType"
              },
              {
                "name": "trackStatus",
                "dataType": "string",
                "sourceColumn": "trackStatus"
              },
              {
                "name": "patrolLocation",
                "dataType": "string",
                "sourceColumn": "patrolLocation"
              },
              {
                "name": "patrolLatitude",
                "dataType": "double",
                "sourceColumn": "patrolLatitude"
              },
              {
                "name": "patrolLongitude",
                "dataType": "double",
                "sourceColumn": "patrolLongitude"
              },
              {
                "name": "companyCode",
                "dataType": "string",
                "sourceColumn": "companyCode"
              },
              {
                "name": "patrolName",
                "dataType": "string",
                "sourceColumn": "patrolName"
              },
              {
                "name": "loginUser",
                "dataType": "string",
                "sourceColumn": "loginUser"
              },
              {
                "name": "loginTime",
                "dataType": "dateTime",
                "sourceColumn": "loginTime"
              },
              {
                "name": "logoutTime",
                "dataType": "dateTime",
                "sourceColumn": "logoutTime"
              },
              {
                "name": "duration",
                "dataType": "string",
                "sourceColumn": "duration"
              },
              {
                "name": "fleetLatitude",
                "dataType": "double",
                "sourceColumn": "fleetLatitude"
              },
              {
                "name": "fleetLongitude",
                "dataType": "double",
                "sourceColumn": "fleetLongitude"
              },
              {
                "name": "missionStatus",
                "dataType": "string",
                "sourceColumn": "missionStatus"
              },
              {
                "name": "mdtReceivedTime",
                "dataType": "dateTime",
                "sourceColumn": "mdtReceivedTime"
              },
              {
                "name": "atSceneTime",
                "dataType": "string",
                "sourceColumn": "atSceneTime"
              },
              {
                "name": "pendingCount",
                "dataType": "int64",
                "sourceColumn": "pendingCount"
              },
              {
                "name": "mdtClose",
                "dataType": "int64",
                "sourceColumn": "mdtClose"
              },
              {
                "name": "cfsCount",
                "dataType": "int64",
                "sourceColumn": "cfsCount"
              },
              {
                "name": "OpenMr",
                "dataType": "string",
                "sourceColumn": "OpenMr"
              },
              {
                "name": "closedMr",
                "dataType": "string",
                "sourceColumn": "closedMr"
              }
            ],
            "partitions": [
              {
                "name": "Partition",
                "dataView": "full",
                "source": {
                  "type": "m",
                  "expression": [
                    "let",
                    "    Source = #\"SQL/192 168 110 58;trinityDatawarehouse\",",
                    "    emergency_vehicleTrackDetails = Source{[Schema=\"emergency\",Item=\"vehicleTrackDetails\"]}[Data]",
                    "in",
                    "    emergency_vehicleTrackDetails"
                  ]
                }
              }
            ]
          },
          {
            "name": "DateDim",
            "columns": [
              {
                "type": "calculatedTableColumn",
                "name": "Date",
                "dataType": "dateTime",
                "isNameInferred": true,
                "isDataTypeInferred": true,
                "sourceColumn": "[Date]",
                "formatString": "Short Date",
                "annotations": [
                  {
                    "name": "Format",
                    "value": "<Format Format=\"DateTimeShortDatePattern\" />"
                  }
                ]
              },
              {
                "type": "calculated",
                "name": "Day",
                "dataType": "string",
                "isDataTypeInferred": true,
                "expression": "format(DateDim[Date],\"ddd\")",
                "sortByColumn": "sort by day"
              },
              {
                "type": "calculated",
                "name": "sort by day",
                "dataType": "int64",
                "isDataTypeInferred": true,
                "expression": "WEEKDAY(DateDim[Date], 2)"
              }
            ],
            "partitions": [
              {
                "name": "CalculatedTable 1",
                "source": {
                  "type": "calculated",
                  "expression": "CALENDAR(DATE(2024, 01, 01), TODAY())"
                }
              }
            ]
          },
          {
            "name": "iot tenant",
            "columns": [
              {
                "name": "Id",
                "dataType": "string",
                "sourceColumn": "Id"
              },
              {
                "name": "tenantId",
                "dataType": "int64",
                "sourceColumn": "tenantId"
              },
              {
                "name": "tenantName",
                "dataType": "string",
                "sourceColumn": "tenantName"
              },
              {
                "name": "tenantStatus",
                "dataType": "boolean",
                "sourceColumn": "tenantStatus"
              },
              {
                "name": "updatedDate",
                "dataType": "dateTime",
                "sourceColumn": "updatedDate"
              },
              {
                "name": "tenantLat",
                "dataType": "double",
                "sourceColumn": "tenantLat"
              },
              {
                "name": "tenantLon",
                "dataType": "double",
                "sourceColumn": "tenantLon"
              },
              {
                "name": "tenantCode",
                "dataType": "string",
                "sourceColumn": "tenantCode"
              },
              {
                "name": "isActive",
                "dataType": "boolean",
                "sourceColumn": "isActive"
              },
              {
                "name": "tenantContact1",
                "dataType": "string",
                "sourceColumn": "tenantContact1"
              },
              {
                "name": "ContactPerson",
                "dataType": "string",
                "sourceColumn": "ContactPerson"
              },
              {
                "name": "tenantEmailId",
                "dataType": "string",
                "sourceColumn": "tenantEmailId"
              },
              {
                "name": "CreatedDate",
                "dataType": "dateTime",
                "sourceColumn": "CreatedDate"
              },
              {
                "name": "ExpiryDate",
                "dataType": "dateTime",
                "sourceColumn": "ExpiryDate"
              },
              {
                "name": "DeviceTypeId",
                "dataType": "string",
                "sourceColumn": "DeviceTypeId"
              },
              {
                "name": "tenantStatusDescription",
                "dataType": "string",
                "sourceColumn": "tenantStatusDescription"
              },
              {
                "name": "ThemeId",
                "dataType": "int64",
                "sourceColumn": "ThemeId"
              },
              {
                "name": "tenantAddress",
                "dataType": "string",
                "sourceColumn": "tenantAddress"
              },
              {
                "name": "Extent1",
                "dataType": "double",
                "sourceColumn": "Extent1"
              },
              {
                "name": "Extent2",
                "dataType": "double",
                "sourceColumn": "Extent2"
              },
              {
                "name": "Extent3",
                "dataType": "double",
                "sourceColumn": "Extent3"
              },
              {
                "name": "Extent4",
                "dataType": "double",
                "sourceColumn": "Extent4"
              },
              {
                "name": "GoogleMaxZoom",
                "dataType": "int64",
                "sourceColumn": "GoogleMaxZoom"
              },
              {
                "name": "TrinityMaxZoom",
                "dataType": "int64",
                "sourceColumn": "TrinityMaxZoom"
              },
              {
                "name": "GoogleZoom",
                "dataType": "int64",
                "sourceColumn": "GoogleZoom"
              },
              {
                "name": "GoogleMinZoom",
                "dataType": "int64",
                "sourceColumn": "GoogleMinZoom"
              },
              {
                "name": "MapType",
                "dataType": "string",
                "sourceColumn": "MapType"
              },
              {
                "name": "MapData",
                "dataType": "string",
                "sourceColumn": "MapData"
              },
              {
                "name": "TrinityMinZoom",
                "dataType": "int64",
                "sourceColumn": "TrinityMinZoom"
              },
              {
                "name": "GoogleMapKey",
                "dataType": "string",
                "sourceColumn": "GoogleMapKey"
              },
              {
                "name": "MapLib",
                "dataType": "string",
                "sourceColumn": "MapLib"
              },
              {
                "name": "MapDimension",
                "dataType": "string",
                "sourceColumn": "MapDimension"
              },
              {
                "name": "SetResolution",
                "dataType": "int64",
                "sourceColumn": "SetResolution"
              },
              {
                "name": "AgencyTypeIds",
                "dataType": "string",
                "sourceColumn": "AgencyTypeIds"
              },
              {
                "name": "MapMode",
                "dataType": "string",
                "sourceColumn": "MapMode"
              },
              {
                "name": "ReportLogo",
                "dataType": "string",
                "sourceColumn": "ReportLogo"
              }
            ],
            "partitions": [
              {
                "name": "Partition",
                "dataView": "full",
                "source": {
                  "type": "m",
                  "expression": [
                    "let",
                    "    Source = #\"SQL/192 168 110 58;trinityDatawarehouse\",",
                    "    iot_tenant = Source{[Schema=\"iot\",Item=\"tenant\"]}[Data],",
                    "    #\"Filtered Rows\" = Table.SelectRows(iot_tenant, each ([isActive] = true)),",
                    "    #\"Removed Duplicates\" = Table.Distinct(#\"Filtered Rows\", {\"tenantCode\"}),",
                    "    #\"Filtered Rows1\" = Table.SelectRows(#\"Removed Duplicates\", each ([tenantCode] <> \"ABUDHABI\"))",
                    "in",
                    "    #\"Filtered Rows1\""
                  ]
                }
              }
            ]
          }
        ],
        "relationships": [
          {
            "name": "b70f80b6-df0d-4e72-b426-b21831a01cdf",
            "fromTable": "emergency CallTypes",
            "fromColumn": "Short Date",
            "toTable": "DateDim",
            "toColumn": "Date"
          },
          {
            "name": "d329d277-4282-44b6-95e1-3df361aa2995",
            "fromTable": "emergency CallTypes",
            "fromColumn": "callerNumber",
            "toTable": "iot tenant",
            "toColumn": "tenantCode"
          }
        ],
        "annotations": [
          {
            "name": "ClientCompatibilityLevel",
            "value": "600"
          }
        ]
      }
    }
  }
}

